EmployeeID,Age,Gender,EducationLevel,Experience,SalesTraining,PreviousSalesPerformance,SalesPerformance
1,52,1,1,18,0,-0.10576220739580416,0.007125770420860479
2,37,1,1,23,1,-0.556308848587882,-0.05948634034830721
3,37,0,0,28,1,0.15176748973915266,-0.22685319009093338
4,27,0,3,27,0,-1.158884028093688,-2.1961978934823785
5,58,0,1,17,0,-1.364933851560473,0.6722534478891353
6,55,0,0,22,0,0.5110188106665355,-0.6842493792657206
7,26,0,1,16,1,1.032594644641281,1.6680888181478226
8,40,1,0,27,0,0.09422732714548696,0.8353328619307633
9,31,1,3,13,0,2.0210082190701844,2.015318824127448
10,36,1,3,14,0,-0.33253430912395443,2.345921945315397
11,33,0,1,6,0,1.1389429406241378,1.2202086447972023
12,28,1,3,8,1,-1.275072148030841,-1.5016855957218962
13,36,1,3,11,1,-0.5301127609744577,0.02375265521253656
14,55,0,2,14,0,-0.24710378459360816,0.5679955602331539
15,35,0,2,23,0,-0.8462252510558533,-0.13477789412193472
16,25,0,0,20,0,0.1710561512654551,-0.23924492498284292
17,47,1,1,2,1,-0.13313125415609817,0.4482610754125934
18,48,1,1,12,0,-0.9649547824778907,-0.48577247779024135
19,36,0,2,11,0,-0.6429774966621463,0.47450854763089967
20,26,1,2,25,1,-0.27414700936866054,-1.6635101505339636
21,43,1,3,23,0,-1.0316179606583211,0.6404113949390386
22,55,0,3,9,1,-0.04248757786188638,-0.164685372426459
23,28,1,0,6,1,-0.8905370410487103,0.11337051852364599
24,44,1,3,5,1,0.33585691140065393,-0.38141001853179657
25,27,1,2,23,0,0.0235239563480608,-1.0908237696433092
26,47,1,3,3,1,-1.4862047944673946,-0.3812008753268698
27,53,0,1,18,0,-0.2561616357833245,0.6694823004238559
28,39,0,0,12,0,1.0835532031330666,0.39623670318706605
29,53,1,1,12,1,-0.18617507335342987,1.0872458522650252
30,53,0,0,12,0,0.7773457014030154,0.8085102458989084
31,30,1,0,20,1,-0.6088965170058754,-0.6574267632338658
32,55,1,1,4,0,0.15997820376724087,1.0392474867343378
33,23,0,1,15,0,0.27948970795385797,0.3001876863244593
34,54,0,0,11,0,1.9798243201356467,0.516232617013785
35,36,1,2,10,1,1.3046560023180132,0.03933382397957892
36,56,0,2,21,0,0.3864244835101495,-0.43892439988665094
37,36,0,0,19,1,-0.09383712273596179,0.7209315288358348
38,43,0,0,24,0,-1.5359903938123103,1.3664520308422274
39,36,1,3,22,0,-1.445868032694485,0.8022882355523379
40,45,1,0,11,0,-0.08523542232558366,-0.5190785331748252
41,48,0,0,5,1,0.5444481463523232,-0.6680407808838981
42,40,0,3,13,0,0.38075518096694577,0.2968413950456314
43,56,0,1,7,1,1.538074872545092,0.49605029773835424
44,56,1,2,6,1,2.0481817726393334,1.1569428253068625
45,33,1,2,28,0,-2.6274940443716543,-1.3753630999461433
46,46,0,2,4,0,-0.18206971633938576,-0.4611458654101174
47,24,1,3,17,1,-0.39633025383425874,0.7057686464786459
48,25,1,0,22,1,0.9151032367631619,-0.7930561316288587
49,31,1,1,13,1,0.9848291416048632,2.373424276763264
50,32,1,3,25,0,-0.1791373184722114,-1.0146956430499747
51,52,0,1,16,1,-0.46045202052980466,0.31493228227179465
52,29,0,1,9,0,2.202816886834994,-1.0547988525946776
53,42,1,3,29,0,0.08086862575058155,-0.1778613943368438
54,44,1,2,6,1,-0.17268604316442782,0.5487543853798935
55,57,0,1,19,0,-0.9958427066787939,0.951511912267569
56,53,1,0,3,0,-0.13710628237604564,-0.2740672686031457
57,55,0,1,20,1,-0.7115304423569779,0.11242937410147565
58,45,1,0,4,1,-1.1456556554928794,1.5337143089823901
59,50,0,3,13,0,-1.148653217757102,-1.3514162029820311
60,52,1,0,20,0,0.16740694503074924,-0.29529530390321007
61,56,1,2,21,0,-1.396017268952521,1.119924478034829
62,53,0,1,16,0,-0.051545429051602726,-0.6531916133340993
63,28,0,3,27,0,2.4542211306474093,-0.743750621067379
64,50,0,1,19,0,0.841793290083803,-1.1074506544349854
65,36,1,3,16,1,-0.4467674971496577,-0.8804257054870056
66,35,1,1,10,0,0.6143043799881212,0.35299634556846193
67,29,0,3,6,0,-0.5445792571191845,0.11556652217537679
68,40,0,1,24,0,-1.6404489222807659,-0.9488678192992823
69,46,0,1,9,1,0.16949220573629545,0.6321502383444323
70,47,1,0,1,1,-0.1328705965679049,0.8194379783563308
71,46,0,3,9,0,0.49550968416903557,1.235737527763013
72,43,0,0,15,0,-0.7854268686097717,0.25616304168737986
73,37,1,1,2,1,-0.6752990375981125,-0.7089282774470763
74,45,1,0,5,0,0.3332503355187212,0.28523394717219713
75,46,0,1,5,1,-1.775078566582593,2.292485856456614
76,45,1,2,16,0,0.6381545493078059,-0.5256142583287859
77,58,0,0,17,0,0.9052634128088657,-0.39531804165942497
78,48,1,3,9,1,-0.46924921413132775,-0.46757701896161474
79,40,0,3,13,0,-0.2755806261037236,1.1582499703376545
80,30,0,1,23,0,0.2949988344513579,-0.8545965196785529
81,58,1,0,7,1,0.3332503355187212,0.7095332241673272
82,54,0,3,18,0,-0.983005320460275,0.609405914808649
83,37,0,0,17,0,-1.702811250256007,-1.041256830075671
84,42,1,1,7,0,0.37013338424806974,-0.6777659399129916
85,36,0,0,19,0,-0.24065250928582457,-0.695333969126838
86,45,1,3,21,1,-1.6102126420503458,-0.4717598830601496
87,58,1,2,18,0,-1.0447811688620814,1.1616485474177143
88,22,1,2,21,1,0.6936094511959254,1.1070098851306025
89,46,1,3,11,0,-0.8535888279223134,-1.003820196393784
90,54,0,1,2,0,-1.1748493053705262,0.5481792415663449
91,55,0,1,1,1,1.7600899732887147,-0.3035564604978164
92,27,0,1,20,0,0.08314937964727272,-0.3251504964065027
93,46,0,3,15,1,-0.9940832679584892,1.1673999855531996
94,44,1,3,3,1,-0.4142504630225465,1.1861705881953748
95,38,0,3,7,1,-2.215459561835133,-1.0514525613158499
96,42,0,1,7,1,1.5511077519547556,0.7740016170859958
97,26,1,2,18,1,-0.3427651194605405,-2.001746998701739
98,36,0,3,2,1,-0.11768729205564654,0.1937860808179787
99,53,1,1,4,1,0.36244398539636813,-0.3562605481393557
100,22,1,1,5,1,1.1356195563746734,-0.1987757148295181
101,50,0,3,10,1,-0.04574579771430233,-0.2863021460913601
102,58,1,1,22,1,-1.5519556710891484,0.538349510934788
103,22,0,1,15,1,0.816053353249717,1.5632557866782928
104,47,1,1,11,1,0.3740432480709689,0.6017199020275912
105,54,1,3,12,1,0.45263151091124165,0.09559334610487281
106,44,1,2,5,0,-0.372480084514574,1.6655790996887019
107,31,0,1,27,0,-1.8891814258141995,0.03185695440344785
108,41,1,2,28,0,0.3569701760443093,-1.1946633708894372
109,24,0,2,8,1,-0.9495108203774391,1.5907581181261594
110,52,1,3,9,0,0.6272069306036884,0.2822536565019911
111,32,1,0,10,1,-0.5866102932153503,0.12680796944018924
112,41,1,3,9,0,1.003987474337069,-0.2900667237800415
113,28,1,2,1,0,0.7539516828626689,1.3191333807275518
114,22,0,3,14,1,1.154321738327541,0.7187878109853356
115,53,1,0,6,1,-0.7978081040489523,-1.1517367280782231
116,59,1,0,18,1,-0.17659590698732697,0.09031248018047255
117,34,0,0,10,0,-1.6379075107958814,-1.0811508964154473
118,32,0,3,8,0,0.8726160498876578,0.5061937431773013
119,48,0,3,1,0,-0.8086905583560217,0.02239322438051273
120,49,0,0,17,1,-0.6436291406326294,-0.21535031381996253
121,33,0,0,20,1,-0.42617554768238886,-0.9390903744689572
122,37,1,1,13,1,0.7777366877853054,-2.0958091551175415
123,54,0,1,28,0,1.2746803796757864,-0.06638806611088972
124,37,0,2,20,0,0.5136253865484682,0.3840018256988516
125,44,1,3,9,1,-0.4488527578552039,-0.4687273065887118
126,22,0,3,5,0,3.1138151575704947,0.9383358903571842
127,30,0,0,6,0,2.29098431604137,-1.2520208948405964
128,45,1,1,7,1,1.106751728482268,0.7944976511688167
129,54,0,2,4,0,-0.42193986187424815,-0.010808259401607744
130,55,1,3,29,0,-0.054412662521728765,0.586609305471634
131,48,1,1,25,0,-0.6305310968259173,1.3786869083304418
132,42,1,3,21,1,-0.5929312397290373,0.18364263537903167
133,36,1,0,9,1,-1.2018273657485303,-0.1448690537596501
134,27,1,0,28,1,0.2891992031140575,0.3579112108842404
135,55,0,2,6,1,0.3011242877738999,0.5422709460271644
136,22,1,0,25,0,-0.5058064408754347,0.653325987843265
137,26,1,2,20,1,-0.9964291862522288,-0.5164119573120093
138,51,0,2,27,0,-0.15163794291782076,-1.3676248013638537
139,59,1,1,16,1,-1.0204748487630584,-0.19098513044599694
140,50,0,0,8,1,-0.1873480325002996,0.0986259225763106
141,43,0,2,6,1,0.93882307728875,-0.8109378756500952
142,39,0,1,2,1,1.020539231187342,-0.8527665166354439
143,24,1,1,8,1,-0.05239256621323087,0.7670998913234133
144,24,1,3,22,1,-0.5828959225835961,-0.6874388131408534
145,31,1,1,27,0,-1.1674205641070179,-0.1522413517333178
146,32,1,0,12,0,-0.7362277488382908,2.7047593991684566
147,31,1,1,15,1,0.22598973797718805,2.4886098968766674
148,43,1,0,10,1,-0.28926514948387055,-0.24698322356513241
149,31,1,2,13,0,-2.169714155107213,-0.002337959602074647
150,25,0,3,27,1,-1.7757302105530761,-1.3953362760166472
151,32,1,3,26,0,-0.8077782567973452,-0.33288879498879215
152,32,1,3,22,1,-0.16310687679832492,-0.23809463735574585
153,53,0,2,16,1,-1.437070839092962,-0.5689591875498534
154,34,0,3,21,0,0.9644326853287394,-2.3727147584405497
155,53,0,0,5,1,-0.9911508700913149,-1.3195741500319345
156,29,0,3,16,1,1.1190677995244005,1.1617531190201775
157,28,0,0,24,1,0.16362741000194672,0.29762568206410667
158,35,0,2,2,0,0.7827543463580259,2.033775711962233
159,41,0,3,26,0,0.9256598690849895,-1.4263940419482686
160,30,1,1,24,1,-1.473432572645924,-0.5514957299384704
161,41,0,3,23,1,-0.1305246782741654,-0.7224180141648512
162,36,1,1,28,1,-0.14688094193329349,-0.31647105340204285
163,40,0,3,17,1,-0.8351473035576391,-0.19459285073098326
164,48,0,3,10,0,-0.2274241366850158,-1.248465460356842
165,27,0,1,17,1,0.5848500725222809,2.2560426529981292
166,29,0,0,8,1,-0.5146036344769578,-0.8832491387535167
167,39,0,0,8,1,0.9262463486584244,-0.4033700550491046
168,24,1,3,12,1,-0.10224332995519493,0.17449262016348666
169,36,0,0,29,1,-0.3612066438252148,-0.1632736557932035
170,33,1,1,13,0,0.9313943360252416,-0.9513252519571715
171,51,1,2,9,1,-1.256695788063215,1.5547854868787596
172,32,0,0,5,0,-0.5871967727887852,1.759222969694651
173,47,1,2,29,0,1.3466218740171305,-0.09002124826761171
174,27,0,1,13,0,0.4747222415106218,0.39749156241662653
175,35,0,2,16,0,-0.17320735834081435,1.143400802787856
176,43,0,1,4,0,0.6277934101771232,1.4903693797613227
177,28,0,3,20,1,-0.9064371539285002,0.488102855951138
178,38,1,0,13,0,0.45230568892600004,-1.3848268299690785
179,54,0,3,1,0,-1.4976085639508505,-1.606518627191426
180,31,1,3,8,0,1.5109013189759428,0.16377403091099108
181,25,1,3,26,0,-0.21738881953957467,-1.223472847368096
182,35,1,1,10,1,-1.1781075252229423,-0.8727919785071795
183,32,0,2,28,0,0.21504211927307046,-0.4118403548486377
184,52,1,0,15,1,-1.0831629987235414,0.6857431846069102
185,22,0,3,25,1,1.0140879558795586,-0.8608185300251235
186,52,0,2,1,1,0.46468692436518066,-0.5839652125033473
187,29,0,3,25,1,1.2910366433349143,1.0030134264807795
188,35,1,0,28,1,-0.566930645306758,-0.17310338642476042
189,59,0,3,26,0,0.02906293009716792,0.6192879312414376
190,41,0,1,7,1,1.4750609005993673,-0.1557967862170724
191,28,1,3,13,1,0.5825693186255898,0.38896897681586173
192,52,1,3,1,0,0.21491179047897382,0.7732173300675206
193,38,1,1,10,0,0.7585131906560512,0.5998898989844822
194,39,0,3,6,0,-0.044247016582191,-1.6175509312513119
195,43,0,2,27,1,-0.3592517119137652,-1.0544851377872877
196,49,1,2,20,0,1.570787399863348,2.2277560345317875
197,27,0,1,21,1,-0.9741429624617036,-0.21822603288770523
198,32,1,2,1,1,-0.238697577374375,-1.7960546566562872
199,35,1,2,16,1,3.0143091232777115,-0.16008422191807065
200,29,0,2,7,0,1.0000776105141698,-0.1981482852147379
201,28,0,1,28,1,-0.016095997057317173,-1.7105673716424807
202,26,0,1,2,1,1.0632870756510393,-0.3372285164910221
203,35,0,1,6,1,-0.23576517950720063,0.7266829669713202
204,56,1,0,16,1,-0.7965699805050342,0.7571133032881613
205,33,1,1,16,0,1.4016857895229602,1.4644356223504065
206,47,0,2,7,1,-0.6473435112643837,-0.1713779549841148
207,51,0,2,7,0,-0.8215279445745405,1.8732583021809577
208,56,0,3,12,0,-1.414980108493582,-0.2923672990342357
209,51,1,0,27,0,-0.6243404791063271,-0.7534757800964725
210,30,0,1,10,0,-0.0706385973867602,0.8559334676160475
211,31,1,2,1,1,0.6549669637462723,-0.39432461143602293
212,57,1,1,12,1,1.6046077219314256,0.08435189884006038
213,48,0,2,2,0,-0.6206912728716212,1.3359694087241547
214,31,0,1,14,0,-0.6944573703303183,0.046078692338466384
215,23,1,1,20,1,0.8922956977962502,0.4356601973157571
216,34,0,2,12,0,0.61977818934018,-0.22225203958254505
217,43,0,1,29,1,-0.5962546239785016,-0.7691092346647467
218,32,1,3,23,0,-0.5495317512948568,0.7941839363614266
219,31,1,3,3,1,-0.10530605661646593,-0.8421002131841799
220,34,1,1,6,1,-1.3425172989758511,1.7703075595557685
221,51,0,2,23,1,0.24723333141494006,-0.14047704645618847
222,41,1,1,9,0,1.1819514426760283,0.6367513888528207
223,39,0,0,6,0,-0.3335117750796792,-0.2511138018624356
224,24,1,3,17,0,1.6891911093001437,0.22588956277423378
225,46,0,3,1,1,-0.06555577441699131,0.8032293799745082
226,30,1,2,28,1,-3.123004119527072,0.4931745786706115
227,56,1,1,28,0,0.37971255061417264,0.6884620462709579
228,25,1,3,13,1,0.11351598867178939,1.8154824918199448
229,52,1,3,21,1,0.6120887904884783,-0.9094443251705913
230,38,1,3,12,1,-0.1583498758137976,-0.2554012375634338
231,29,1,3,14,1,-0.21934375145102425,-0.8037224350801226
232,46,1,2,20,0,1.4731711330849662,0.5018017358738397
233,46,1,2,2,1,-1.867025530817771,-0.45565585628079036
234,33,0,1,12,1,2.197473406277032,0.223693559122503
235,46,0,3,20,1,0.8410764817162715,-0.3660379929696809
236,25,0,3,27,0,-0.05812703315348295,0.4831879906353595
237,33,1,3,24,0,0.8872128748264813,1.0522666512410275
238,30,0,2,4,1,1.3724921396453131,-0.4231340879146818
239,26,1,3,28,0,0.9031781521033194,-1.5245344908601428
240,58,0,3,21,1,1.975197647945216,0.9196175735162407
241,58,1,0,13,0,0.08367069482365927,0.5382972251335564
242,30,1,1,8,1,-0.3259527050220742,0.6990237781197585
243,51,1,2,5,0,0.4983117532421133,0.7975825134414861
244,24,1,3,4,1,0.4665115274825336,-1.0064867722566
245,53,1,1,4,0,-0.2712797758985345,0.38217182265574257
246,27,1,0,18,1,0.8071909952511456,1.4256918436377275
247,35,1,3,28,0,-0.9149085255447816,-0.019801417213457698
248,51,0,1,3,0,-0.39046545809991,0.08539761486469409
249,24,0,2,16,0,1.3637601104408383,0.5919424571972659
250,30,0,3,6,1,0.21947329827235615,0.03018380876403391
251,55,1,2,17,0,1.0166293673644429,-0.9753244347225154
252,32,1,2,13,1,1.3413435578562167,-0.5690114733510852
253,35,1,2,19,0,1.4808605319366677,-1.0759746020935104
254,39,1,0,17,1,0.8530015663761138,-0.3894097461202445
255,26,0,1,21,0,0.7308183219105157,0.6464765478819142
256,54,0,0,29,1,1.201500761790524,0.5834198715965011
257,39,0,1,12,1,-0.09781215095590924,1.0440054946464212
258,30,1,0,23,0,0.9361513370097689,-0.17106424017672467
259,37,0,0,14,1,-1.7207966238413432,-0.17085509697179793
260,39,0,1,22,0,-0.10986756440984827,-0.3419865244031055
261,23,1,2,4,1,-0.42233084825653805,0.19289722219704006
262,24,1,1,25,0,-1.2364296605811878,0.699912636740697
263,52,0,3,17,1,-0.9126929360451388,0.4266147537026755
264,32,0,0,8,0,-0.9665187280070503,-0.5020856477745274
265,59,0,0,4,1,0.25518338785483496,0.31346827983730746
266,31,1,2,9,1,-0.9439066822312836,1.295970770781915
267,59,0,3,20,1,0.30992148137542297,1.0836904177812707
268,28,0,0,16,0,-1.0623103916680794,0.7833084897052359
269,58,1,1,19,0,-0.5164934019913591,-0.12405930486943914
270,51,0,2,12,0,-2.348720753798945,0.4735674032087293
271,59,1,1,18,0,1.8586837060228214,0.16267602908512568
272,50,1,2,17,1,1.4680883101151971,-2.06475138918592
273,54,1,1,29,1,-1.2190307665692866,-0.8225453235235295
274,59,0,0,24,0,-0.6604415550710958,-0.3210199181091995
275,59,1,3,28,0,-0.02560999902637175,-0.7321431731939447
276,50,1,2,4,1,0.25707315536923625,0.7139775172720205
277,48,1,3,20,0,2.684121123433879,-0.29179215522068713
278,55,0,1,5,0,0.08191125610335466,-0.13237274726527717
279,24,1,2,8,0,0.4558245663666093,0.05507185015031634
280,42,1,1,15,0,1.3801163740999665,0.6319410951395056
281,36,1,3,24,0,0.70351443954727,-0.54124771289706
282,36,1,3,24,0,-0.1777037017371484,-1.5037770277711635
283,59,1,3,11,1,-0.562238808719279,0.3326048830881045
284,49,1,3,6,1,-1.510380785772321,-0.6909419618233764
285,35,0,3,27,0,-0.8726819962574709,1.4044115225364313
286,54,1,0,20,1,0.2172577087727133,1.797496176196245
287,32,0,1,2,1,-0.09852895932344075,0.8051639546200805
288,38,1,1,29,0,-0.1318279662151318,0.0022631909063137016
289,53,1,0,1,0,0.21491179047897382,0.1309908335387241
290,26,1,3,10,1,0.45536841558727104,0.26280333844380394
291,33,1,3,17,1,1.6227234243108584,0.6371696752626741
292,23,0,0,7,0,1.362456822499872,-1.9704800895651908
293,33,1,3,7,1,-0.7227387186492888,-0.7333457466222736
294,29,0,0,14,1,1.2585196092078033,-0.6271009985194881
295,28,1,0,29,1,-1.1712000991358205,0.428026470335931
296,36,0,1,28,1,0.2937607109074398,0.08780276172135164
297,37,1,3,29,0,0.9465776405374999,0.29731196725671655
298,57,0,0,21,1,2.6195432059589945,2.0649903352975496
299,46,0,1,14,0,-0.3925507188054562,0.8965072493718356
300,46,0,2,17,1,1.2504392239738116,0.03933382397957892
301,59,1,2,6,0,-0.8075827636062002,0.04085011221529781
302,26,0,1,20,0,-0.49935516556765114,-1.2136954025377709
303,23,0,2,12,0,-0.7102271544160116,0.20994239339856963
304,46,1,2,10,0,1.1517151624456083,-0.7617892224923106
305,30,1,3,19,0,-0.5047638105226616,1.9312432557468973
306,26,0,1,27,1,-0.273430201001129,-0.6404338778335679
307,31,1,1,28,0,-0.0033237752358466406,0.5534078216895135
308,49,1,3,9,0,-0.5959939663903083,0.06301929193753258
309,44,0,0,15,0,0.8089504339714502,-1.4641966762387775
310,23,1,0,15,0,0.902461343735788,-1.045596551577901
311,25,1,0,16,1,-1.3574399458999162,0.9800599597400695
312,23,1,1,12,0,0.9779217155177414,1.3456422819520164
313,33,1,0,19,1,-0.9257909798518509,-0.5544760206086765
314,31,0,1,7,1,-0.05369585415419725,-0.12761473935319378
315,24,0,1,5,0,0.3891613881861789,-1.319155863622081
316,42,1,1,13,1,-1.2504400059465763,-0.9163983367344055
317,37,0,3,23,1,-0.27616710567715846,-1.1012809298896464
318,28,1,3,24,1,-1.2572822676366497,-0.13242503306650888
319,33,0,1,14,1,0.02841128612668473,-0.14659448520029572
320,52,0,1,9,1,0.001107403763439054,1.3676023184693245
321,48,1,2,22,1,0.31989163412381577,-1.133436697647133
322,30,1,1,21,1,1.1723071119128772,-0.4871841944234969
323,47,1,0,23,0,-1.7283556938989482,-2.1121746109030592
324,32,1,2,26,0,1.479035928819315,0.32235686604669406
325,37,0,1,2,0,0.094031833954342,1.1444988046137212
326,44,0,2,5,0,-1.2743553396633094,-0.4578518599325212
327,35,0,1,13,0,-2.465886339691823,0.19007378893052904
328,34,0,0,2,1,-0.36179312339864966,0.9717465173442315
329,46,1,2,14,1,-2.0605637900512788,1.6846111313370353
330,30,1,2,27,1,-1.3298754059484772,-0.5312088390605764
331,28,1,1,19,0,1.2257419174924986,0.06134614629811863
332,54,1,3,19,0,0.7080759473406523,-0.39620690028036365
333,35,1,3,18,1,2.564870276835455,-1.8262758497682015
334,35,0,0,14,1,-0.04437734537628763,1.0955592946608634
335,56,0,3,17,0,1.7976246659885466,0.30175626036140984
336,48,1,2,13,1,0.8574327453753995,0.6700051584361728
337,39,1,0,28,1,0.31611209909501325,0.23022928427646372
338,28,1,0,2,0,0.8776988728574268,0.20042637757440282
339,41,1,3,3,0,-0.18988944398518404,-0.0687409271663156
340,32,0,0,10,0,-0.7225432254581439,0.6137979221121106
341,56,1,0,20,1,0.7211739911473644,0.2658359149152417
342,49,0,2,8,1,0.4965523145218087,-1.669418446073144
343,31,1,3,14,0,1.719297060736467,0.5313432135697421
344,50,1,3,14,1,-0.6697600638490054,0.22301384370649108
345,24,1,1,27,1,-0.0031282820447016834,-0.7316726009828596
346,33,1,1,18,0,0.8848017921356935,1.4799645053162171
347,43,0,3,5,0,0.3316212255925132,0.3251802993132051
348,35,1,3,8,1,-1.536316215797552,-0.8847654269892355
349,30,1,1,10,0,-1.43869994901917,0.32936316341173993
350,48,1,3,9,0,0.48345427071509656,0.19038750373791916
351,46,0,3,17,1,0.5733811386417769,2.498230484303298
352,39,1,1,16,1,0.22905246463845905,-0.4108992104264673
353,58,1,3,7,1,-0.7089238664750451,-0.12960159979999783
354,28,1,1,5,0,-0.7779981273462634,-1.0854383321164456
355,42,0,0,19,1,1.4086583800071302,-1.6589090000255753
356,54,0,1,25,1,-1.4309453857704202,-0.34475767186838485
357,54,1,2,21,1,-1.0357884820694134,-0.7933698464362489
358,41,0,0,2,1,0.9384972553035084,2.3237527655931625
359,57,1,3,1,0,1.298074398216133,1.0282674684756838
360,36,0,2,26,1,-0.7102923188130599,-0.06518549268256095
361,47,0,3,6,1,0.06979067825236732,0.8631489081860201
362,24,1,2,19,0,0.253554277928627,0.43696734234654927
363,57,0,3,6,0,-1.025101520953489,-0.36593342136721757
364,37,1,2,20,1,-0.37886619542530925,0.5020108790787664
365,51,0,2,8,0,-0.4139898054343532,-0.46904102139610193
366,58,0,2,5,1,0.3443282830169354,2.359568539436867
367,47,0,0,12,0,-0.28750571076356596,-0.1805279701996598
368,43,1,2,22,1,-1.0029456259570606,-0.2083963022561483
369,51,1,0,29,1,0.1926255666884487,-1.5302859289956283
370,37,0,1,23,0,0.2552485522518833,-0.3153207657749457
371,26,1,1,22,0,0.10406715109978314,-0.5889323636203574
372,46,1,3,6,1,0.5589798068940983,-0.21127202132389103
373,36,1,3,6,1,1.308109715361574,-0.33984280655260635
374,22,0,3,29,1,0.7748694543151793,-1.0500408446825944
375,48,1,3,14,1,0.06653245839995137,-0.5657697536747206
376,37,1,3,15,1,-1.2479637588587402,-0.7205880111217422
377,59,0,3,6,1,-0.28268354538199036,0.7546035848290404
378,42,1,0,11,1,-2.124164241570438,1.2887553302119423
379,31,0,2,4,0,-1.0553378011839092,-0.8248458987777236
380,46,0,0,19,1,0.4572581831016723,0.45406479934931054
381,40,0,2,3,1,-0.3026890152758243,-1.8608890501835775
382,25,0,2,1,0,0.9665179460342855,0.7222386738666269
383,53,1,2,8,1,1.3636297816467418,-0.6098989699142634
384,28,0,2,16,0,-0.8188562042955594,-1.7004762120047654
385,41,1,1,29,1,2.080568477972348,0.8719852085941749
386,22,1,1,5,0,-0.2772749004269799,-2.8568289920447283
387,39,0,1,23,1,-1.5833649104664382,-0.3378036603045706
388,35,0,3,9,1,2.085455807750972,-0.02576199855386988
389,48,1,3,21,0,2.5943897486983434,0.2479018850927735
390,31,0,3,17,1,0.9304820344665652,-0.46752473316038307
391,26,1,0,12,1,0.7788444825351267,-0.07287150546361877
392,36,0,3,16,1,0.3832314280547819,0.07263987936416276
393,28,0,2,24,0,-1.4265793711681827,0.47952798454914153
394,25,0,0,1,1,1.3161901005955656,-3.0346530020336915
395,58,1,2,27,0,-1.5704623598508711,-0.03716030322237738
396,48,1,2,5,1,0.9467079693315966,1.0205291698933943
397,28,0,2,15,0,1.4819683266864891,0.7353624099757801
398,40,1,3,23,1,-0.5293307882098779,-0.6573744774326341
399,55,0,1,28,0,-0.7396162974848034,1.2126794894198396
400,27,1,0,5,1,0.14961706463655813,0.3827992522705228
401,46,0,2,6,0,0.07409152845755637,-0.12876502698029085
402,51,0,1,11,1,-0.09364162954481682,0.10610279215244166
403,56,1,1,10,0,0.019679256922209978,0.17114632888465878
404,38,0,1,21,0,2.4291328377838064,-1.433295767710851
405,26,0,1,2,1,1.0623747740923628,1.2972256300114755
406,54,1,1,9,0,0.5565035598062622,-0.910490041195225
407,38,1,3,28,1,-1.0176076152929325,-0.20996487629309887
408,39,0,2,11,0,1.315473292228034,-0.22225203958254505
409,37,1,3,14,1,-1.1622725767402007,1.197778036068809
410,40,1,3,17,1,-0.8190516974867044,0.2822536565019911
411,36,0,2,21,1,-0.3690263714710131,0.33966346625438204
412,40,0,1,2,1,-0.8678598308758952,0.3850475417234853
413,56,0,3,10,1,-1.6575871587044737,0.9744653790082791
414,37,1,0,14,1,-0.2684777068254568,-0.6178464117014797
415,38,1,1,6,1,0.14349161131401614,0.09465220168270248
416,35,0,3,24,0,0.5095200295344242,0.8742857838483692
417,41,0,0,14,1,-0.4082553384941011,0.17135547208958551
418,50,1,2,3,0,-1.0441295248915983,-0.597820949829744
419,42,1,1,13,0,-0.2952602740123159,1.8250507934453435
420,47,1,3,15,1,-0.8188562042955594,-0.6985234030019708
421,33,0,2,9,0,-0.8825869846088154,-0.28912557935787114
422,46,0,3,12,0,0.9714704402099579,-1.1400769944035571
423,56,1,3,25,1,1.064851021180199,-0.4362055382226033
424,31,1,1,4,0,0.5252246492230691,-2.6474243581118264
425,39,0,0,12,0,0.7313396370869022,-0.8104150176377783
426,46,0,1,11,0,-1.3178199924945382,3.404238848045949
427,57,0,1,28,0,-0.6388069752510539,0.22829470963089132
428,47,0,2,6,0,0.6320942603823123,1.0657041021575708
429,52,1,2,27,0,0.3117460844927759,0.6683320127967589
430,27,0,3,14,1,-0.3525397790177884,-0.8254210425912722
431,50,0,0,29,1,-1.6032400515661756,1.309303650095995
432,39,0,3,9,0,0.035449041007903186,0.9454990451259252
433,36,1,0,6,0,2.1179076774810346,0.24947045912972407
434,55,1,3,28,1,-1.9975498181055542,1.1668771275408827
435,54,1,2,18,0,-1.3427779565640445,-0.10607298924573924
436,30,1,1,28,1,-0.20885228352624488,0.34802919445145175
437,41,1,2,20,0,0.006711541909594491,1.2100651993582552
438,57,0,3,25,1,0.24371445397433084,-1.9713689481861294
439,50,0,1,25,0,0.16134665610525556,1.637449338626055
440,59,0,1,29,1,-0.8550224446573764,-1.5060776030253578
441,54,0,2,16,1,-0.4519806489135232,0.741688991924814
442,38,1,1,23,1,-0.7937679114319566,0.2676659179583507
443,45,1,1,20,1,-0.43770964595994133,-1.3209858666651901
444,22,1,3,2,0,-0.6156736142989007,-1.0438188343360237
445,35,0,0,9,1,-0.9953865558994557,0.3316637386659341
446,42,1,0,23,0,-0.4919264243041428,0.9696027994937323
447,44,1,0,20,1,0.17327174076509794,-0.23657834912002695
448,24,0,3,13,0,-0.38649042987996257,1.4710759191068306
449,36,1,0,14,1,-0.15359287482927034,0.8496068856670135
450,31,0,2,11,0,-0.20513791289449068,0.861162047739216
451,24,1,3,23,1,-0.9612404118461365,2.1100084101580308
452,54,1,2,5,1,1.12916828106689,-0.7291628825237387
453,43,0,2,27,1,0.9967542262647056,-0.9069346067114703
454,57,0,0,21,0,-1.3703424965154833,0.14819286214394872
455,34,0,2,28,1,-1.0067903253829116,-1.592715175666261
456,33,1,2,1,0,-1.5975055846259236,0.24230730436098313
457,41,0,3,13,1,-0.5864148000242054,-0.6742105054292369
458,33,1,3,3,1,0.9321111443927731,-0.19359942050758122
459,48,1,2,13,0,0.7295150339695492,0.39743927661539485
460,25,1,2,16,1,0.0987888349388693,-0.603154101555376
461,34,0,1,7,1,-1.16540046779852,1.4778730732669498
462,43,0,1,9,0,-1.1424626000375118,-1.8466150264473271
463,58,0,1,17,1,-0.009123406573147034,0.12126567450963054
464,28,1,3,2,0,-1.0580747058599385,-1.4930061527174363
465,56,0,3,1,1,-1.2175971498342235,0.09559334610487281
466,27,0,2,22,1,1.0617231301218797,2.3185241854699936
467,28,1,1,21,0,-0.47348489993946846,-0.7884549811204704
